{
  "biased": {
    "accuracy": 0.8155011867810845,
    "disparity": 0.3301925778989999,
    "worst_group": "Black_Female",
    "worst_accuracy": 0.6028833551769331
  },
  "fair": {
    "accuracy": 0.9673178747489501,
    "disparity": 0.06290447406695765,
    "worst_group": "Asian_Female",
    "worst_accuracy": 0.9194187582562747
  },
  "improvement": {
    "reduction": 0.26728810383204227,
    "percent": 80.94915565116094
  },
  "timestamp": "2026-04-12T01:58:55.725592",

  "overall": {
    "accuracy": 0.9673
  },
  "disparity": {
    "max_tpr_gap": 0.330,
    "max_accuracy_gap": 0.213
  },
  "by_group": {
    "Male":         { "accuracy": 0.970, "tpr": 0.980 },
    "Female":       { "accuracy": 0.603, "tpr": 0.600 },
    "Asian_Female": { "accuracy": 0.919, "tpr": 0.910 },
    "Black_Female": { "accuracy": 0.603, "tpr": 0.600 }
  }
}